Aspect Macro F1,Aspect Micro F1,Aspect Accuracy,Polarity Macro F1,Polarity Micro F1,Polarity Accuracy,Emotion Macro F1,Emotion Micro F1,Emotion Accuracy,Aspect Report,Polarity Report,Emotion Report
1.0,1.0,1.0,0.600350993255784,0.8130360205831904,0.8130360205831904,0.4140742105970291,0.4957118353344768,0.4957118353344768,"aspect          precision    recall  f1-score   support
               precision    recall  f1-score   support

     ambience       1.00      1.00      1.00        56
         food       1.00      1.00      1.00       166
         menu       1.00      1.00      1.00        51
miscellaneous       1.00      1.00      1.00        36
        place       1.00      1.00      1.00        27
        price       1.00      1.00      1.00        43
      service       1.00      1.00      1.00        80
        staff       1.00      1.00      1.00       124

     accuracy                           1.00       583
    macro avg       1.00      1.00      1.00       583
 weighted avg       1.00      1.00      1.00       583
","polarity        precision    recall  f1-score   support
              precision    recall  f1-score   support

   neagative       0.00      0.00      0.00         1
    negative       0.81      0.91      0.86       229
     neutral       0.75      0.60      0.67       170
    positive       0.86      0.90      0.88       183

    accuracy                           0.81       583
   macro avg       0.61      0.60      0.60       583
weighted avg       0.81      0.81      0.81       583
","emotion         precision    recall  f1-score   support
                precision    recall  f1-score   support

    admiration       0.48      0.59      0.53        74
     annoyance       0.50      0.74      0.60       119
disappointment       0.44      0.33      0.38       104
       disgust       0.50      0.29      0.36         7
     gratitude       0.43      0.33      0.38         9
mentioned_only       0.61      0.59      0.60        90
mixed_emotions       0.20      0.08      0.11        13
    no_emotion       0.32      0.21      0.25        67
  satisfaction       0.54      0.50      0.52       100

      accuracy                           0.50       583
     macro avg       0.45      0.41      0.41       583
  weighted avg       0.48      0.50      0.48       583
"
